CUSTOMERID,COUNTRY,FULL_NAME
7312,Latvia,Cordie Lueilwitz
9374,Bahamas,Granville Jenkins DDS
5053,Luxembourg,Verlie Bechtelar
5022,Ireland,Dr. Charlotte Mayert
540,French Polynesia,Mauricio Weissnat
4626,Burkina Faso,Adolf Hane
5745,Svalbard & Jan Mayen Islands,Jayme Feeney
9306,Eritrea,Aida Bashirian
2032,Malawi,Rex Barrows
5675,Swaziland,Ronaldo Bogan
4691,Eritrea,Foster O'Connell
2925,Thailand,Isaac Hirthe
2983,Niue,Viviane Nicolas
3813,American Samoa,Junior Brown
7833,Denmark,Enrico Lebsack
707,Saint Lucia,Roscoe Beatty DVM
3563,Cote d'Ivoire,Benton Hickle
7630,Netherlands Antilles,Rusty Kassulke
1817,Macao,Kaylin Shanahan
1694,Tunisia,Karl Hessel
4270,Niue,Isobel Schulist IV
14,Serbia,Raina Kemmer
5484,Bermuda,Jane Walsh
685,Equatorial Guinea,Heaven Rogahn
1590,Mali,Alysha Vandervort
6173,Cyprus,Jaiden Dicki
827,Christmas Island,Brooke Green
4783,Sweden,Rene Bosco III
9307,French Southern Territories,Boris Nader
4207,Turkey,Bobbie Rice II
4309,Oman,Theodore Littel
3482,Mauritius,Lolita Kuhic
7139,Sierra Leone,Cynthia Williamson
2166,South Africa,Coty Stracke
5149,Slovakia (Slovak Republic),Karolann Hilll IV
2150,Antigua and Barbuda,Brandon O'Reilly Jr.
2650,Western Sahara,Miss Lafayette Rath
8825,Papua New Guinea,Bret Koelpin II
8327,Uruguay,Winfield Erdman
1298,Nigeria,Clifford Skiles DVM
2937,Lao People's Democratic Republic,Summer O'Kon
6873,Montserrat,Eriberto Legros
8527,Bouvet Island (Bouvetoya),Addison Schroeder
1420,Norfolk Island,Crawford Huel
7207,Puerto Rico,Carmine Johns
7995,Gibraltar,Mose Feil
8072,Uruguay,Sven Wilkinson
8109,Angola,Marianna Metz
4114,Czech Republic,Xzavier Kreiger III
3062,Western Sahara,Kailyn Stamm
1690,France,Yvonne Murray
1271,Singapore,Dr. Trevor Nader
7537,Central African Republic,Dr. Zelda Howe
860,Costa Rica,Dennis Goyette
9382,Andorra,Cydney Frami
6024,Spain,Dannie Walsh
1145,Vietnam,Shanie Koss
1408,Australia,Heber Wiza
22,Papua New Guinea,Santiago Rolfson
2885,Nauru,Gay Kuvalis
4530,Argentina,Joel Ziemann
110,Switzerland,Forest Mante
546,Slovakia (Slovak Republic),Ralph Shields
1150,Hong Kong,Filomena Gleason
9491,Colombia,Devante Quigley
4829,Antigua and Barbuda,Marcel Bechtelar
3285,Saint Martin,Blanca Thiel
6261,Oman,Elda Lockman
5150,Slovenia,Mya Ledner
2011,Pakistan,Yesenia Reichert
1827,Falkland Islands (Malvinas),Issac O'Hara
7466,Isle of Man,Dariana Morissette
7088,Italy,Sigrid O'Keefe
4777,San Marino,Josephine Mohr
8025,French Guiana,Aisha Ankunding
1661,French Polynesia,Delbert Daniel
7586,British Indian Ocean Territory (Chagos Archipelago),Dell Lakin
9851,Guinea-Bissau,Skye Frami Jr.
6180,Netherlands,Easter Halvorson
8693,Afghanistan,Cecile Hills
2515,Bahamas,Stefanie Hartmann
4487,United Kingdom,Isabelle Jast
6948,Netherlands Antilles,Keely Steuber
2971,Liechtenstein,Myrna Ritchie
5495,Albania,Lambert Spinka
3248,Barbados,Carroll Corwin V
5950,Guatemala,Mrs. Dorothy Corwin
8132,Christmas Island,Jimmy Legros
1753,Dominica,Allie Champlin
6228,Saint Martin,Hobart Harvey
3913,China,Novella Nienow
3,Virgin Islands, U.S.,Shaina Berge
4160,Botswana,Kaia Hane
308,Guadeloupe,Savannah Howell
8972,Mozambique,Zoey Ryan
8087,French Guiana,Keven O'Hara
6990,Estonia,Taya Volkman
6862,Guadeloupe,Sylvan Cruickshank
2353,Tonga,Kim Kulas
4173,Afghanistan,Kariane DuBuque
